id,label
agrifieldnet_78508_0,0
agrifieldnet_78508_1,0
agrifieldnet_78508_2,54841 3 55097 8 55352 9 55363 3 55608 9 55619 4 55864 9 55875 4 56120 9 56130 5 56380 5 56386 4 56642 4
agrifieldnet_78508_3,0
agrifieldnet_78508_4,0
agrifieldnet_78508_5,0
agrifieldnet_68b4c_0,0
agrifieldnet_68b4c_1,0
agrifieldnet_68b4c_2,0
agrifieldnet_68b4c_3,0
agrifieldnet_68b4c_4,71 5 327 7 583 9 842 7 1101 4 1358 3
agrifieldnet_68b4c_5,0
agrifieldnet_74f36_0,0
agrifieldnet_74f36_1,0
agrifieldnet_74f36_2,0
agrifieldnet_74f36_3,0
agrifieldnet_74f36_4,22169 2 22424 4 22680 4 22935 5 23192 3 23449 2 42757 2 43012 4 43268 5 43525 5 43782 4 44038 5 44294 6 44551 4 44808 1
agrifieldnet_74f36_5,0
agrifieldnet_0526c_0,0
agrifieldnet_0526c_1,0
agrifieldnet_0526c_2,0
agrifieldnet_0526c_3,0
agrifieldnet_0526c_4,0
agrifieldnet_0526c_5,4704 2 4960 2 5215 3 5471 3 5727 3 5983 2 6239 2
agrifieldnet_ad4ed_0,0
agrifieldnet_ad4ed_1,0
agrifieldnet_ad4ed_2,3771 6 4025 8 4281 8 4537 8 4793 8 5049 8 26805 1 27060 3 27316 3 27572 3 27828 3 28084 3 28341 2
agrifieldnet_ad4ed_3,0
agrifieldnet_ad4ed_4,0
agrifieldnet_ad4ed_5,0
agrifieldnet_76703_0,0
agrifieldnet_76703_1,0
agrifieldnet_76703_2,16473 7 16729 8 16986 7 17242 7 17498 7 17755 6 18011 6 18267 6 18523 3 42136 9 42391 16 42647 16 42903 16 43159 16 43415 16 43671 16 43927 16 44189 10 48292 2 48547 3 48803 3 49059 2 49315 2 49570 2 49826 2 50082 1 50338 1
agrifieldnet_76703_3,0
agrifieldnet_76703_4,0
agrifieldnet_76703_5,0
agrifieldnet_862dd_0,0
agrifieldnet_862dd_1,0
agrifieldnet_862dd_2,4659 1 4914 5 5170 5 5426 5 5682 5 5938 4 6194 4 6450 4 6706 4 6962 4 7360 2 7611 8 7868 8 8124 9 8383 6 8638 7 8894 8 9150 8 9405 9 9661 9 9917 9 10245 13 10427 2 10501 13 10676 10 10756 14 10932 10 11012 14 11188 10 11268 14 11445 9 11524 14 11701 10 11780 14 11958 9 12036 14 12214 9 12292 14 12470 9 12551 11 12727 8 12809 9 12983 8 13065 9 13239 8 13322 2 13326 4 13496 7 13753 1
agrifieldnet_862dd_3,0
agrifieldnet_862dd_4,57 10 317 6
agrifieldnet_862dd_5,0
agrifieldnet_28a9a_0,0
agrifieldnet_28a9a_1,15978 2 16234 3 16490 3 16746 3 17002 3 17258 3
agrifieldnet_28a9a_2,0
agrifieldnet_28a9a_3,0
agrifieldnet_28a9a_4,0
agrifieldnet_28a9a_5,0
agrifieldnet_bd726_0,0
agrifieldnet_bd726_1,0
agrifieldnet_bd726_2,0
agrifieldnet_bd726_3,0
agrifieldnet_bd726_4,0
agrifieldnet_bd726_5,1245 2 1501 2 1757 2
agrifieldnet_99600_0,0
agrifieldnet_99600_1,51 5 307 4 563 4 819 3 8972 4 9227 8 9483 12 9739 12 9995 12 10253 10 10515 4 43679 5 43934 6 44190 5 44446 5 44701 6 44957 5 45212 6 45467 7 45723 7 45978 7 46233 8 46489 6 46746 3
agrifieldnet_99600_2,0
agrifieldnet_99600_3,0
agrifieldnet_99600_4,0
agrifieldnet_99600_5,0
agrifieldnet_946e2_0,0
agrifieldnet_946e2_1,0
agrifieldnet_946e2_2,0
agrifieldnet_946e2_3,0
agrifieldnet_946e2_4,30274 2 30529 3 30784 4 31037 7 31290 10 31544 13 31798 15 32053 16 32309 16 32565 16 32821 16 33077 10 33333 10 33606 8 33861 9 34117 9 34373 9 34629 9 34885 9 35141 9 35397 9 35653 9 35909 9 36165 9 36421 9 36677 9 36933 9 37189 10 37445 10 37701 10 37957 10 38213 10 38469 10 38725 10 38981 10 39237 10 39493 2 39498 5 39754 5 40010 5 40266 4
agrifieldnet_946e2_5,0
agrifieldnet_02f8a_0,0
agrifieldnet_02f8a_1,0
agrifieldnet_02f8a_2,45629 12 45648 3 45884 13 45904 4 46141 13 46159 6 46397 24 46652 24 46908 24 47164 24 47420 17 47438 6 47678 15 47934 15 48190 15 48446 16 48702 16 48958 16 49214 16 49470 9 49483 3 49726 9 49981 10 50237 10 50493 10 50748 10 51003 11 51259 11 51516 9 51773 8 52031 6 52289 4 52547 2
agrifieldnet_02f8a_3,0
agrifieldnet_02f8a_4,0
agrifieldnet_02f8a_5,0
agrifieldnet_24a91_0,0
agrifieldnet_24a91_1,0
agrifieldnet_24a91_2,0
agrifieldnet_24a91_3,0
agrifieldnet_24a91_4,0
agrifieldnet_24a91_5,53780 5 54035 6 54291 6 54547 6 54804 5 61455 3 61711 4 61967 5 62224 3
agrifieldnet_dc0cf_0,0
agrifieldnet_dc0cf_1,0
agrifieldnet_dc0cf_2,0
agrifieldnet_dc0cf_3,0
agrifieldnet_dc0cf_4,9548 1 9803 4 10058 5 10313 5 10568 6 10824 5 11079 6 11336 4 11593 2 35325 2 35581 2 35837 1 36093 1 50582 3 50839 3 51096 2 52728 2 52979 1 52983 5 53234 10 53490 9 53746 9 54005 5 54264 1 57778 2 58033 5 58289 5 58545 4 58801 4 59059 2
agrifieldnet_dc0cf_5,0
agrifieldnet_99d3c_0,0
agrifieldnet_99d3c_1,65397 2
agrifieldnet_99d3c_2,0
agrifieldnet_99d3c_3,0
agrifieldnet_99d3c_4,0
agrifieldnet_99d3c_5,0
agrifieldnet_de05e_0,0
agrifieldnet_de05e_1,0
agrifieldnet_de05e_2,48950 3 49194 18 49450 18 49706 18 49963 17 50219 18 50475 18 50732 16 50988 16 51244 16 51500 16 51756 16 52012 16 52268 16 52524 6
agrifieldnet_de05e_3,0
agrifieldnet_de05e_4,0
agrifieldnet_de05e_5,0
agrifieldnet_75fe8_0,0
agrifieldnet_75fe8_1,0
agrifieldnet_75fe8_2,0
agrifieldnet_75fe8_3,0
agrifieldnet_75fe8_4,10563 1 10818 3 11073 3 11329 3 11584 3 11840 2
agrifieldnet_75fe8_5,0
agrifieldnet_182c3_0,0
agrifieldnet_182c3_1,0
agrifieldnet_182c3_2,0
agrifieldnet_182c3_3,0
agrifieldnet_182c3_4,182 5 439 5 696 3 953 1 1465 1 1720 4 1975 6 2231 8 2487 9 2744 10 3002 9 3043 3 3259 9 3298 5 3517 9 3555 5 3774 8 3812 6 4032 6 4069 6 4289 4 4327 6 4547 1 4584 6 4842 4 5079 3 5099 3 5334 5 5589 6 5845 5 6100 5 6357 3 6615 1 11479 3 11735 4 11990 6 12246 5 12501 6 12756 6 13012 5 13268 5 13525 3
agrifieldnet_182c3_5,0
agrifieldnet_2950f_0,0
agrifieldnet_2950f_1,0
agrifieldnet_2950f_2,0
agrifieldnet_2950f_3,0
agrifieldnet_2950f_4,176 4 431 6 685 8 940 7 992 2 1195 6 1247 6 1451 5 1503 6 1708 3 1759 6 2015 5 2272 4 11264 1 11520 1 11776 1 12032 1 12287 2 12543 2 12799 2 13055 2
agrifieldnet_2950f_5,0
agrifieldnet_d6606_0,0
agrifieldnet_d6606_1,0
agrifieldnet_d6606_2,0
agrifieldnet_d6606_3,0
agrifieldnet_d6606_4,0
agrifieldnet_d6606_5,22172 1 22427 4 22683 5 22939 5 23195 5 25423 2 25678 4 25688 1 25934 4 25943 4 26190 4 26199 4 26445 8 26455 4 26701 8 26711 4 26957 8 27216 4
agrifieldnet_d987c_0,0
agrifieldnet_d987c_1,0
agrifieldnet_d987c_2,0
agrifieldnet_d987c_3,0
agrifieldnet_d987c_4,5389 3 5644 4 5900 4 6157 3 41730 2 41985 4 42241 4 42498 3 42755 2
agrifieldnet_d987c_5,0
agrifieldnet_6c46f_0,0
agrifieldnet_6c46f_1,0
agrifieldnet_6c46f_2,41270 2 41526 5 41781 7 42037 9 42292 12 42548 16 42806 17 43064 2 43068 6 43076 6 43326 3 43332 5 43581 4 43588 5 43840 9 44099 7 44358 4 46130 1 46386 3 46643 5 46897 1 46900 4 47156 4 47413 3
agrifieldnet_6c46f_3,0
agrifieldnet_6c46f_4,38308 5 38564 6 38820 6 39076 6 39332 6 39588 6 39843 7 40099 7 40355 7 40611 7 40867 7 41124 6 41380 6 41636 6 41895 3 43066 2 43074 2 43322 4 43329 3 43337 2 43585 3 43593 2 43849 1 46385 1 46641 2 46898 2 46904 1 47155 1 47160 1
agrifieldnet_6c46f_5,0
agrifieldnet_b938c_0,0
agrifieldnet_b938c_1,0
agrifieldnet_b938c_2,11724 7 11978 10 12234 11 12490 12 12747 11 13003 10 13259 10 13516 9 13772 9 14028 9 14284 9 14540 9 14796 9 15052 9 15309 8 15565 7 15820 8 16076 8 16332 7 16589 6 16847 4
agrifieldnet_b938c_3,0
agrifieldnet_b938c_4,0
agrifieldnet_b938c_5,0
agrifieldnet_ae507_0,0
agrifieldnet_ae507_1,0
agrifieldnet_ae507_2,0
agrifieldnet_ae507_3,0
agrifieldnet_ae507_4,0
agrifieldnet_ae507_5,33805 1 34060 9 34316 10 34572 10 34828 9 35084 9 35340 9 35596 9 35851 10 36107 9 36363 9 36619 4 36875 4 37131 4 37388 2 37644 2 39192 3 39448 4 39705 2 40217 2 40473 2 40728 3 40984 3 41238 5 41493 5 41749 4 42006 2
agrifieldnet_58eff_0,0
agrifieldnet_58eff_1,0
agrifieldnet_58eff_2,0
agrifieldnet_58eff_3,0
agrifieldnet_58eff_4,0
agrifieldnet_58eff_5,388 1 391 3 643 3 647 4 898 10 1153 10 1408 12 1664 13 1920 12 2176 13 2435 10 2691 5 2947 3 3203 2
agrifieldnet_b8038_0,0
agrifieldnet_b8038_1,35741 4 35997 12 36252 13 36508 13 36766 11 37026 2 37030 3 51907 4 52163 4 52419 4 52675 4 53120 2 53376 4 53632 4 53890 2
agrifieldnet_b8038_2,0
agrifieldnet_b8038_3,0
agrifieldnet_b8038_4,0
agrifieldnet_b8038_5,0
agrifieldnet_84579_0,0
agrifieldnet_84579_1,58960 3 59216 3 59472 4 59728 4 59984 5 60240 6 60496 6 60752 6 61008 5
agrifieldnet_84579_2,0
agrifieldnet_84579_3,0
agrifieldnet_84579_4,0
agrifieldnet_84579_5,0
agrifieldnet_5c339_0,0
agrifieldnet_5c339_1,0
agrifieldnet_5c339_2,0
agrifieldnet_5c339_3,0
agrifieldnet_5c339_4,5523 2 5777 4 6032 6 6288 6 6545 5 6802 3 7059 1 9127 1 9382 3 9637 5 9892 6 10148 5 10403 5 10659 5 10915 4 11172 2 11419 2 11675 3 11930 3 12185 4 12440 4 12696 3 12951 3 13206 4 13462 3 13717 3 13972 3 14229 1 15775 2 16031 3 16286 5 16543 4 16800 3 17057 1 20134 4 20389 5 20644 6 20667 3 20899 6 20923 4 21155 5 21178 5 21412 3 21433 5 21689 5 21945 4 22203 1 26432 3 26688 6 26944 9 27202 7 27461 3 40574 4 40800 2 40830 5 41056 4 41086 5 41311 6 41342 5 41566 8 41598 5 41822 8 41854 5 42077 9 42110 5 42333 8 42366 4 42588 8 42622 3 42845 7 42878 3 43102 5 43360 3
agrifieldnet_5c339_5,0
agrifieldnet_78d12_0,0
agrifieldnet_78d12_1,0
agrifieldnet_78d12_2,0
agrifieldnet_78d12_3,0
agrifieldnet_78d12_4,0
agrifieldnet_78d12_5,23934 4 24190 5 24205 2 24446 7 24461 3 24704 5 24716 4 24960 5 24972 4 25197 2 25216 5 25229 3 25452 4 25457 1 25472 4 25485 3 25707 8 25728 4 25742 2 25964 7 25985 4 26222 5 26237 2 26242 4 26480 1 26492 4 26498 6 26749 2 26757 4 27014 4 27271 4 27528 4 27785 3
agrifieldnet_33e3e_0,0
agrifieldnet_33e3e_1,0
agrifieldnet_33e3e_2,65452 1
agrifieldnet_33e3e_3,0
agrifieldnet_33e3e_4,0
agrifieldnet_33e3e_5,0
agrifieldnet_05a7c_0,0
agrifieldnet_05a7c_1,0
agrifieldnet_05a7c_2,30978 2 31234 5 31490 7 31745 10 32001 12 32257 15 32513 17 32769 20 33025 21 33281 20 33537 20 33795 17 34054 13 34310 13 34565 13 34821 13 35076 13 35332 13 35588 12 35847 9 36105 6 36362 5 36619 3 36876 1
agrifieldnet_05a7c_3,0
agrifieldnet_05a7c_4,0
agrifieldnet_05a7c_5,0
agrifieldnet_1afc9_0,0
agrifieldnet_1afc9_1,0
agrifieldnet_1afc9_2,0
agrifieldnet_1afc9_3,0
agrifieldnet_1afc9_4,30390 2 30646 4 30903 4 31130 2 31160 4 31385 4 31417 4 31640 6 31674 3 31897 6 31931 3 32154 5 32188 3 32411 3 32445 3 32668 1 32702 2 32959 1 36038 2 36294 3 36546 8 36801 9 37056 9 37311 9 37566 9 37821 9 38077 9 38333 8 38590 6 38847 4 39104 2
agrifieldnet_1afc9_5,0
agrifieldnet_a7d2d_0,0
agrifieldnet_a7d2d_1,0
agrifieldnet_a7d2d_2,0
agrifieldnet_a7d2d_3,0
agrifieldnet_a7d2d_4,41708 1 41963 4 42218 7 42474 7 42729 8 42985 8 43241 7 43497 7 43756 3 43999 2 44255 8 44511 13 44767 13 45022 14 45278 14 45534 14 45790 13 46046 13 46301 14 46557 14 46813 14 47069 13 47325 13 47580 14 47840 10
agrifieldnet_a7d2d_5,0
agrifieldnet_7a1b6_0,0
agrifieldnet_7a1b6_1,0
agrifieldnet_7a1b6_2,0
agrifieldnet_7a1b6_3,0
agrifieldnet_7a1b6_4,0
agrifieldnet_7a1b6_5,45468 2 45723 5 45977 8 46232 9 46487 10 46743 10 46999 9 47256 7 47513 6 47768 6 48023 6 48279 6 48534 6 48789 7 49045 7 49302 6 49558 6 49816 3 53123 3 53378 6 53633 7 53889 8 54145 8 54400 10 54656 10 54912 10 55168 10 55425 9 55683 7 55941 5 56198 6 56456 7 56713 7 56971 10 57229 9 57241 2 57486 15 57743 14 58000 13 58258 10 58515 9 58773 6 59031 4 59289 1 59565 5 59821 7 60077 8 60333 9 60589 11 60846 10 61103 10 61360 10 61617 9 61874 8 62131 6 62388 6 62646 3
agrifieldnet_0a729_0,0
agrifieldnet_0a729_1,20764 2 21019 3 21275 3 21531 3 21774 2 21786 4 22029 4 22042 3 22285 4 22298 3 22541 4 22555 2 22797 4 22820 3 23055 2 23075 6 23331 10 23587 15 23843 16 24100 15 24357 14 24617 10 24876 7 25133 5 25389 5 25646 4
agrifieldnet_0a729_2,0
agrifieldnet_0a729_3,0
agrifieldnet_0a729_4,0
agrifieldnet_0a729_5,0
agrifieldnet_6e3d6_0,0
agrifieldnet_6e3d6_1,0
agrifieldnet_6e3d6_2,0
agrifieldnet_6e3d6_3,0
agrifieldnet_6e3d6_4,0
agrifieldnet_6e3d6_5,119 6 375 7 631 7 890 2 1176 3 1431 4 1686 6 1942 7 2199 6 2456 3 3179 4 3435 4 3691 5 3947 5 8497 3 8502 4 8753 9 9008 10 9261 12 9516 6 9771 7 10027 5 10033 1
agrifieldnet_67f81_0,0
agrifieldnet_67f81_1,0
agrifieldnet_67f81_2,0
agrifieldnet_67f81_3,0
agrifieldnet_67f81_4,1806 3 2062 4 2317 7 2573 8 2828 11 3084 10 3342 8 3600 7 3857 6 4115 4 4372 4 4628 4 4885 3 7989 2 8244 5 8500 5 8757 4 9014 2 15636 2 15891 5 16146 8 16403 8 16660 9 16918 7 17176 4 17433 2 56958 1 57213 3 57464 9 57720 10 57975 11 58121 3 58230 11 58376 5 58486 11 58632 4 58742 10 58888 4 58953 3 59000 7 59208 5 59258 4 59464 6 59515 3 59719 8 59975 8 60230 8 60487 7 60673 1 60745 4 60929 3 60942 2 61003 1 61185 3 61197 5 61441 2 61453 7 61697 2 61708 10 61953 1 61964 11 62209 1 62220 10 62477 9 62735 6 62993 4 63250 3
agrifieldnet_67f81_5,0
agrifieldnet_f410b_0,0
agrifieldnet_f410b_1,29697 1 29953 1 30209 1
agrifieldnet_f410b_2,0
agrifieldnet_f410b_3,0
agrifieldnet_f410b_4,0
agrifieldnet_f410b_5,0
agrifieldnet_9d421_0,0
agrifieldnet_9d421_1,0
agrifieldnet_9d421_2,0
agrifieldnet_9d421_3,0
agrifieldnet_9d421_4,10466 2 10722 6 10978 11 11235 12 11495 8 11756 3 15543 3 15799 11 16055 11 16312 10 16568 9 16824 9 17080 9 17336 9 17592 9 17853 3 19128 2 19384 7 19640 7 19896 7 20153 6 62700 3 62955 5 63210 6 63465 7 63720 8 63976 7 64232 7 64490 5 64747 4 65004 3 65261 1
agrifieldnet_9d421_5,0
agrifieldnet_64200_0,0
agrifieldnet_64200_1,2838 6 3093 7 3349 7 3592 8 3605 6 3847 9 3861 6 4103 9 4117 4 4359 8 4616 1 4626 3 4880 5 5136 5 5145 2 5392 5 5399 4 5649 4 5654 7 5905 13 6161 13 6417 14 6673 13 6935 4 47764 4 48018 7 48273 8 48529 7 48785 6 49043 9 49300 2 49303 5 49558 6 49813 8 50068 9 50324 9 50579 10 50836 4
agrifieldnet_64200_2,0
agrifieldnet_64200_3,0
agrifieldnet_64200_4,0
agrifieldnet_64200_5,0
agrifieldnet_2ec18_0,0
agrifieldnet_2ec18_1,209 3 213 3 464 4 469 3 720 4 725 3 976 4 981 3 13019 4 13275 4 13530 4 13786 4 14043 2 21485 1 21740 4 21996 4 22251 4 22507 4 22763 3 23018 4
agrifieldnet_2ec18_2,0
agrifieldnet_2ec18_3,0
agrifieldnet_2ec18_4,0
agrifieldnet_2ec18_5,0
agrifieldnet_aa98f_0,0
agrifieldnet_aa98f_1,0
agrifieldnet_aa98f_2,0
agrifieldnet_aa98f_3,0
agrifieldnet_aa98f_4,5501 2 5756 4 6012 6 6268 7 6523 10 6780 11 7038 10 7295 10 7553 8 7810 7 8068 4 8325 3 10082 1 10337 3 10592 5 10847 7 11102 9 11357 10 11612 12 11867 12 12123 11 12379 10 12636 8 12893 6 13150 4 13407 2 50020 2 50276 4 50531 5 50787 5 51043 5 51301 3 51558 2
agrifieldnet_aa98f_5,0
agrifieldnet_54eab_0,0
agrifieldnet_54eab_1,0
agrifieldnet_54eab_2,0
agrifieldnet_54eab_3,19816 1 20071 3 20326 5 20581 6 20837 7 21093 8 21351 5 21608 3 21864 3 21872 3 22120 3 22125 6 22376 3 22380 6 22633 1 22636 5 22892 4 23149 2 35410 2 35665 4 35920 5 36175 6 36430 7 36685 7 36940 7 37196 6 37451 6 37706 6 37961 6 38216 6 38471 7 38726 7 38983 5 39240 3 39496 2
agrifieldnet_54eab_4,11088 2 11343 4 11599 6 11854 7 12109 7 12365 7 12622 5 12880 2 21867 1 22123 1 22635 1 22891 1 23148 1 23405 1
agrifieldnet_54eab_5,0
agrifieldnet_a0d77_0,0
agrifieldnet_a0d77_1,34172 3 34426 5 34682 3 34938 2 55138 4 55393 5 55399 6 55649 12 55865 5 55905 12 56121 9 56161 12 56377 9 56635 11 56896 6 57154 4 59217 6 59473 7 59734 3 64354 3 64610 4 64866 4
agrifieldnet_a0d77_2,0
agrifieldnet_a0d77_3,0
agrifieldnet_a0d77_4,0
agrifieldnet_a0d77_5,0
agrifieldnet_cb0f5_0,0
agrifieldnet_cb0f5_1,392 3 646 5 902 5 1158 5 8640 5 8896 5 8920 1 9145 3 9149 8 9175 5 9401 3 9405 8 9431 5 9657 3 9661 8 9688 4 9912 4 9917 8 9944 1 10168 4 10173 8 10433 4 17615 4 17636 2 17871 5 17880 3 17892 4 18127 5 18136 4 18148 4 18383 5 18392 4 18404 4 18639 5 18648 4 18660 4 18894 6 18904 4 18916 4 19150 6 19407 5 20392 3 20648 4 20901 7 21157 4 21173 3 21413 4 21429 6 21669 4 21685 6 21941 6 22197 6 22453 5 22696 3 22711 3 22951 5 23207 5 23464 4 23722 3 23727 6 23978 11 24234 11 24490 10 24746 6 25006 2 36697 2 36953 4 37209 7 37467 8 37674 4 37727 4 37930 4 37985 2 38186 4 38242 2 38442 4 38498 3 38697 5 38754 3 38953 4 39209 5 39465 8 39720 10 39768 5 39976 10 40024 6 40232 10 40283 2 40488 4 40493 5 40547 1 40744 3 40748 6 40802 3 41004 5 41057 5 41314 5 41571 4 41827 4 42084 1 51028 3 51284 5 51499 3 51540 5 51755 6 51795 6 52011 6 52051 6 52267 5 52307 6 52566 2 53813 3 54069 3 54325 3 54581 3 54838 5 55094 5 55349 6 55605 6 55864 2 61845 5 62101 6 62358 5 62614 5 62870 5 63124 7 63380 6 63636 6 63892 6 65180 2 65436 3
agrifieldnet_cb0f5_2,0
agrifieldnet_cb0f5_3,0
agrifieldnet_cb0f5_4,0
agrifieldnet_cb0f5_5,0
agrifieldnet_ae676_0,0
agrifieldnet_ae676_1,0
agrifieldnet_ae676_2,18168 1 18424 3 18679 3 18919 3 18935 2 19174 6 19184 2 19190 3 19431 6 19440 3 19445 3 19689 4 19695 4 19701 3 19946 2 19950 5 19956 3 20206 4 20212 2 20461 4 20468 3 20717 3 20724 4 20974 1 20979 5 21236 4 21494 1 21954 3 22209 4 22465 4 22721 4 22977 4 23233 4 23489 3 23745 2 25776 3 26031 4 26286 5 26541 5 26797 4 27054 3 31156 2 31412 3 31667 6 31922 8 32178 7 32433 8 32482 2 32690 6 32738 3 32947 4 32994 4 33071 1 33205 1 33250 4 33326 3 33332 1 33337 2 33507 2 33582 3 33587 4 33592 4 33598 1 33839 2 33843 4 33849 4 33854 2 33880 2 34098 4 34107 2 34110 3 34136 2 34354 4 34359 2 34393 1 34476 2 34612 1 34614 4 34731 5 34870 4 34987 7 35128 2 35243 7 35501 4 35758 2 37121 1 37633 3 37891 1 38122 1 38377 4 38633 5 38888 6 39144 6 39330 3 39399 2 39402 3 39586 4 39654 4 39659 1 39842 4 39910 5 40099 2 40165 6 40352 3 40421 5 40608 5 40676 1 40679 3 40865 5 40931 4 40936 1 41120 6 41187 5 41376 5 41442 6 41633 3 41699 4 41953 3 41957 2 42208 6 42464 7 42720 7 42977 5 43235 3 43516 3 43772 4 44028 4 44185 1 44286 2 44440 4 44696 4 44954 2 48050 7 48307 7 48565 6 48822 4 49080 2 49378 2 49633 4 49889 6 50147 4 50393 3 50404 3 50649 4 50905 5 51162 4 51420 2 53908 3 54163 6 54419 7 54675 8 54933 8 55190 9 55448 8 55705 7 55963 4 56220 3 56726 3 56981 6 57236 9 57491 12 57747 13 58002 15 58258 17 58515 6 58523 9 58772 5 58780 8 59030 2 59038 6 59295 4 59553 2
agrifieldnet_ae676_3,0
agrifieldnet_ae676_4,17659 2 17913 4 18169 4 18427 1 37889 2 38146 1 42240 1 42496 1 42752 1 47539 2 47795 4
agrifieldnet_ae676_5,0
agrifieldnet_90471_0,0
agrifieldnet_90471_1,0
agrifieldnet_90471_2,4634 2 4664 1 4890 5 4911 1 4916 5 5145 6 5167 10 5401 7 5424 10 5656 8 5680 10 5911 9 5936 10 6167 8 6192 10 6423 8 6448 10 6679 8 6704 10 6934 9 6961 9 7190 9 7217 9 7446 9 7473 9 7702 9 7729 9 7958 9 7985 8 8215 8 8241 8 8473 6 8496 9 8752 9 9008 9 9264 8 9520 8 9775 9 10031 9 10287 9 10543 9 10799 9 11055 8 11310 9 11566 9 11822 9 12078 9 12334 9 12590 9 12846 9 13102 9 13358 9 13615 8 13870 9 28740 2 28996 7 29252 8 29507 9 29759 13 30015 13 30115 10 30271 13 30371 11 30527 13 30593 5 30627 11 30783 13 30848 9 30883 11 31039 13 31101 13 31139 11 31295 13 31357 13 31395 10 31551 13 31613 13 31650 12 31808 9 31869 13 31906 16 32125 17 32162 16 32381 17 32418 16 32637 17 32674 16 32893 17 32930 16 33149 17 33186 16 33405 17 33441 17 33661 17 33704 10 33906 6 33917 17 33966 4 34162 28 34418 27 34674 24 34747 2 34930 24 35002 11 35186 24 35258 11 35442 25 35514 11 35698 25 35770 11 35954 25 36026 11 36210 25 36282 10 36466 12 36479 11 36533 19 36727 6 36740 6 36789 19 37045 19 37301 18 37559 10
agrifieldnet_90471_3,0
agrifieldnet_90471_4,43 6 299 7 555 7 811 8 1068 7 1324 7 1580 8 1836 8 2069 4 2093 8 2322 7 2349 8 2576 9 2605 8 2829 12 2861 9 3085 13 3118 8 3343 11 3374 9 3600 10 3630 9 3857 9 3886 10 4113 14 4142 10 4369 14 4399 10 4625 9 4636 3 4655 9 4881 9 4912 4 5138 7 5151 1 5399 2 5655 1
agrifieldnet_90471_5,0
agrifieldnet_110b2_0,0
agrifieldnet_110b2_1,0
agrifieldnet_110b2_2,0
agrifieldnet_110b2_3,0
agrifieldnet_110b2_4,0
agrifieldnet_110b2_5,38425 1 38681 1 39957 2 40213 2 40469 2
agrifieldnet_5bca8_0,0
agrifieldnet_5bca8_1,0
agrifieldnet_5bca8_2,0
agrifieldnet_5bca8_3,0
agrifieldnet_5bca8_4,21297 2 21552 4 21807 7 22063 7 22318 8 22574 7 22831 6 25877 2 26133 3 26388 6 26644 8 26901 8 27159 8 27416 8 27674 8 27931 9 28189 8 28446 8 28704 6 28962 4 29220 1
agrifieldnet_5bca8_5,0
agrifieldnet_499be_0,0
agrifieldnet_499be_1,0
agrifieldnet_499be_2,0
agrifieldnet_499be_3,0
agrifieldnet_499be_4,0
agrifieldnet_499be_5,31619 2 31873 4 32129 6 32385 6 32642 5 32899 4 33155 8 33412 12 33668 15 33925 18 34188 13 34448 9 34707 6 53109 3 53365 7 53621 7 53877 7 54132 7 54388 7 54644 7 54899 7 55154 7 55410 6 55666 5 55922 4 56654 3 56910 3 57166 3 57197 4 57421 3 57452 7 57677 3 57707 9 57933 3 57962 10 58218 10 58474 9 58732 8 58991 4 59448 5 59457 6 59703 6 59713 7 59959 6 59969 7 60215 6 60229 2 60473 4
agrifieldnet_26725_0,0
agrifieldnet_26725_1,52683 1 52939 1 53195 2 53451 2 53706 3 57316 2 57572 3 57828 3 58085 1
agrifieldnet_26725_2,0
agrifieldnet_26725_3,45784 2 46040 5 46296 9 46536 3 46552 9 46792 4 46807 10 47048 4 47063 10 47303 4 47321 8 47559 4 47581 4 47815 4 48070 4 48326 4 48582 4 50304 3 50559 4 50815 4 51071 4 51452 1 51708 1 51918 3 51964 1 52171 6 52219 2 52427 6 52475 2 52684 5 52731 2 52940 3 52988 2 53197 1 56549 3 56805 3 57061 3 57318 2
agrifieldnet_26725_4,35297 5 35553 8 35809 8 36064 9 36321 5 50685 3 50941 4 51197 4 51453 4 51709 4 51965 3 52221 3 52477 2 52733 2
agrifieldnet_26725_5,0
agrifieldnet_e6bd2_0,0
agrifieldnet_e6bd2_1,0
agrifieldnet_e6bd2_2,0
agrifieldnet_e6bd2_3,0
agrifieldnet_e6bd2_4,17275 2 17531 4 17786 7 18042 6 18297 3 18301 3 18553 3 21625 3 21880 3 22136 3 22391 3 22647 3 22903 2 26476 2 26731 4 26987 6 27244 5 27502 2 32101 3 32357 4 32612 7 32867 8 33123 7 33378 7 33634 7 33891 5 34148 3
agrifieldnet_e6bd2_5,0
agrifieldnet_c3654_0,0
agrifieldnet_c3654_1,1357 3 1612 4 1868 4 2125 3 2381 3 2637 3 2893 3 3149 3 4799 2 5055 2 5311 2 5567 2 5822 3 6078 2 6334 2 12144 4 12400 4 12657 3 12913 3 13169 2
agrifieldnet_c3654_2,0
agrifieldnet_c3654_3,0
agrifieldnet_c3654_4,0
agrifieldnet_c3654_5,0
agrifieldnet_a1ab4_0,0
agrifieldnet_a1ab4_1,0
agrifieldnet_a1ab4_2,0
agrifieldnet_a1ab4_3,0
agrifieldnet_a1ab4_4,53517 1 53773 1 54028 2 54284 1 55312 2 55567 6 55823 6 56079 5
agrifieldnet_a1ab4_5,53001 1 53256 5 53512 5 53768 5 54024 4 54282 2 56084 1 56335 3 56339 2 56591 3 56848 2
agrifieldnet_84cba_0,0
agrifieldnet_84cba_1,0
agrifieldnet_84cba_2,0
agrifieldnet_84cba_3,0
agrifieldnet_84cba_4,249 5 504 6 760 6 7935 2 8190 3 8446 3 8703 2 8942 3 9197 4 9453 3 9708 4 9965 2 9981 2 10236 4 10492 5 10747 5 11003 4 11261 2
agrifieldnet_84cba_5,0
agrifieldnet_114ef_0,0
agrifieldnet_114ef_1,0
agrifieldnet_114ef_2,55045 1 55301 1 55557 1
agrifieldnet_114ef_3,0
agrifieldnet_114ef_4,54529 1 54785 2 55041 4 55297 4 55553 4 55809 4 56065 4 56321 4 56577 3 56833 3 57089 3 57345 3 57601 3 57857 3 58113 3 58369 2 58625 2 58881 2 59137 1
agrifieldnet_114ef_5,0
agrifieldnet_c385e_0,0
agrifieldnet_c385e_1,0
agrifieldnet_c385e_2,0
agrifieldnet_c385e_3,0
agrifieldnet_c385e_4,7659 2 7915 4 8170 6 8425 7 8681 6 8938 4 8945 4 8955 4 9200 4 9211 4 9466 5 9725 1 16381 4 16637 4 16893 4
agrifieldnet_c385e_5,0
agrifieldnet_c7c62_0,0
agrifieldnet_c7c62_1,0
agrifieldnet_c7c62_2,3264 1 3520 2 3776 2 4032 2 4288 2 4544 3 4800 3
agrifieldnet_c7c62_3,0
agrifieldnet_c7c62_4,2508 10 2762 17 3012 26 3265 29 3522 28 3778 30 4034 31 4290 31 4547 30 4803 4 4820 12 5081 6
agrifieldnet_c7c62_5,0
agrifieldnet_0b1c5_0,0
agrifieldnet_0b1c5_1,0
agrifieldnet_0b1c5_2,49036 5 49292 9 49548 13 49803 15 50059 15 50315 15 50571 14 50829 12 51089 8 51349 3 61243 4 61498 5 61754 4 62011 2 62267 2 62522 5 62777 6 63032 7 63287 7 63543 7 63798 7 63889 6 64053 8 64145 6 64309 8 64401 6 64566 6 64823 5 65080 3 65337 2
agrifieldnet_0b1c5_3,0
agrifieldnet_0b1c5_4,0
agrifieldnet_0b1c5_5,0
agrifieldnet_70f9f_0,0
agrifieldnet_70f9f_1,0
agrifieldnet_70f9f_2,31039 11 31281 6 31295 11 31532 11 31551 12 31788 12 31807 12 32045 11 32063 13 32301 11 32321 2 32558 10 32814 3 33349 2 33604 4 33860 4 34117 3 34357 10 34373 3 34610 13 34629 4 34866 14 34885 4 35122 13 35142 3 35378 4 35398 3 35654 4 35910 4 36167 3 36423 3 36679 4 36935 4 37181 5 37436 7 37692 7 37948 7 38204 7 38461 6 38717 7 38973 7 39229 7 39486 6 41253 7 41509 7 42018 2 42273 4 42529 4 42785 12 43041 12 43297 11 43553 11 45347 6 45602 8 45858 8 46115 7 46125 3 46371 7 46381 7 46627 7 46637 8 46884 7 46893 8 47140 7 47396 7 47652 7 47908 7 48164 7 48420 6 48678 2 49711 5 49967 5 50224 4 50480 4 50736 4 50992 4 51248 4 51504 4 51760 4 52016 4 52272 4 52528 4 52784 2 58879 2 59132 5 59386 7 59640 9 59896 9 60153 8 60409 8 60665 8 60921 8 61177 7 61433 7 61690 4 64174 4 64425 8 64680 10 64937 10 65193 11 65449 11
agrifieldnet_70f9f_3,0
agrifieldnet_70f9f_4,0
agrifieldnet_70f9f_5,0
agrifieldnet_e27f7_0,0
agrifieldnet_e27f7_1,0
agrifieldnet_e27f7_2,0
agrifieldnet_e27f7_3,0
agrifieldnet_e27f7_4,20 6 77 3 275 7 332 6 530 7 588 6 786 7 846 3 1042 6 1297 7 1554 5 1812 2 6167 1 6422 4 6678 6 6934 7 7192 5 7450 2 41855 2 42110 3 42366 3 42622 3
agrifieldnet_e27f7_5,0
agrifieldnet_e0063_0,0
agrifieldnet_e0063_1,0
agrifieldnet_e0063_2,30001 2 30257 2 30512 2 30769 1 31534 1 31790 2 32045 2
agrifieldnet_e0063_3,0
agrifieldnet_e0063_4,0
agrifieldnet_e0063_5,0
agrifieldnet_ceac6_0,0
agrifieldnet_ceac6_1,0
agrifieldnet_ceac6_2,3780 3 4036 5 4291 10 4548 9 4807 5 16760 5 17016 8 17272 12 17532 10 17793 6 25762 3 26018 3 26273 4 26529 4 26785 3 27040 4 27296 4 27552 4 27808 3 28063 4 28319 4 28575 3 28830 4 29086 4 29342 4 29597 4 29853 4 30109 4 30365 3 30620 4 30876 4 31132 3 31390 1
agrifieldnet_ceac6_3,0
agrifieldnet_ceac6_4,3321 2 3524 1 3577 4 3783 2 3832 5 4041 3 4089 4 4346 2
agrifieldnet_ceac6_5,0
agrifieldnet_eeaa2_0,0
agrifieldnet_eeaa2_1,0
agrifieldnet_eeaa2_2,0
agrifieldnet_eeaa2_3,0
agrifieldnet_eeaa2_4,0
agrifieldnet_eeaa2_5,59576 4 59832 4 60088 5 60345 5 60601 5 60857 4
agrifieldnet_a322e_0,0
agrifieldnet_a322e_1,50865 1 51119 4 51373 6 51629 7 51886 6 52142 7 52399 6 52655 6 52911 4 55988 2 56242 4 56498 4 56754 5 57011 4 58288 5 58544 6 58800 6 59056 5
agrifieldnet_a322e_2,0
agrifieldnet_a322e_3,0
agrifieldnet_a322e_4,0
agrifieldnet_a322e_5,0
agrifieldnet_ffe8c_0,0
agrifieldnet_ffe8c_1,0
agrifieldnet_ffe8c_2,0
agrifieldnet_ffe8c_3,0
agrifieldnet_ffe8c_4,0
agrifieldnet_ffe8c_5,1625 4 1880 6 2136 6 2392 4 2648 3 31702 3 31958 3 32214 4 32470 4 32726 4 32983 3 33239 4 33495 4 34776 3 35032 3 35288 3 35544 2
agrifieldnet_2b11e_0,0
agrifieldnet_2b11e_1,0
agrifieldnet_2b11e_2,0
agrifieldnet_2b11e_3,0
agrifieldnet_2b11e_4,62353 2 62608 4 62863 5 63119 4 63374 4 63629 4 63885 3 64140 3 64395 4 64651 3 64906 3 65161 4 65416 4
agrifieldnet_2b11e_5,0
agrifieldnet_e0c43_0,0
agrifieldnet_e0c43_1,0
agrifieldnet_e0c43_2,0
agrifieldnet_e0c43_3,0
agrifieldnet_e0c43_4,45905 3 46160 5 46416 4 46672 4 46930 1 48995 2 49251 4 49506 5 49761 6 50017 5 50273 4 50530 3 54361 1 54616 4 54872 6 55130 5 55388 5 55645 5 55903 5 56161 4 56418 3
agrifieldnet_e0c43_5,0
agrifieldnet_048eb_0,0
agrifieldnet_048eb_1,0
agrifieldnet_048eb_2,0
agrifieldnet_048eb_3,0
agrifieldnet_048eb_4,22159 3 22415 6 22671 8 22928 7 23187 4 23445 1 27739 4 27994 4 28250 4 28505 4 28760 4 29016 4 29271 4 29527 3 33393 3 33649 4 33905 5 34163 4 34175 1 34419 4 34430 4 34676 2 34685 5 34941 4 35197 4 35454 2 41368 2 41624 4 41879 4 42135 4 42391 3 42647 3 42903 2 43159 2 43408 3 43664 5 43920 6 44178 4 44436 2 61014 3 61270 5 61525 6 61780 7 62036 6 62294 3 62547 2 62551 2 62802 4 63058 5 63314 5 63571 4 63829 1
agrifieldnet_048eb_5,0
agrifieldnet_4590f_0,0
agrifieldnet_4590f_1,0
agrifieldnet_4590f_2,23804 2 24061 3 24317 3 24574 2 24830 2 25087 1 25598 1 43774 1 44030 3 44286 3 44541 4 44797 4 45053 4 45309 4 45822 3 46077 4 46333 4 46589 4 46844 5 47103 2 47610 4 47866 5 48122 4 48378 4
agrifieldnet_4590f_3,17569 3 17824 5 18080 5 18336 5 18593 4 24060 1 24315 2 24571 3 24773 1 24826 4 25028 5 25082 5 25284 6 25339 4 25539 7 25597 1 25795 6 26050 7 26306 6 26562 6 26819 5 27077 2 45821 1 46588 1 47865 1 48121 1
agrifieldnet_4590f_4,0
agrifieldnet_4590f_5,0
agrifieldnet_1991a_0,0
agrifieldnet_1991a_1,0
agrifieldnet_1991a_2,0
agrifieldnet_1991a_3,0
agrifieldnet_1991a_4,39423 2 39679 2 39934 3 40189 4 40445 4 40703 2
agrifieldnet_1991a_5,0
agrifieldnet_0aa46_0,0
agrifieldnet_0aa46_1,4098 2 4353 3 4609 3 4865 3 5121 3 5377 3
agrifieldnet_0aa46_2,0
agrifieldnet_0aa46_3,0
agrifieldnet_0aa46_4,0
agrifieldnet_0aa46_5,0
agrifieldnet_afec9_0,0
agrifieldnet_afec9_1,0
agrifieldnet_afec9_2,0
agrifieldnet_afec9_3,0
agrifieldnet_afec9_4,0
agrifieldnet_afec9_5,4396 2 4652 4 4908 3 5163 4 5419 4 5674 4 5930 4 6185 4 6441 4 6696 5 6952 4 7207 5 7463 4 7719 4 13619 5 13625 4 13874 11 14130 11 33195 3 33451 4 33706 5 33961 6 33979 3 34217 6 34235 2 34473 6 34490 3 34729 6 34746 3 34985 6 35002 3 35242 5 35258 3 35498 5 35514 3 35754 5 35770 3 36010 5 36026 2 36266 5 36523 4 36779 3 42893 2 43149 2 43405 2 43661 2 43917 2 43935 3 44173 2 44191 3 44429 2 44442 2 44447 3 44665 5 44684 3 44698 2 44702 4 44918 8 44940 2 44954 2 44958 4 45174 8 45196 2 45210 2 45214 4 45430 3 45465 3 45470 3 45721 2 45726 3 45981 4 46237 4 46493 4 46749 3 47005 3 47261 3 48010 2 48266 2 48273 2 48285 2 48522 2 48529 2 48541 2 48778 2 48785 1 48797 2 49034 2 49040 2 49052 2 49290 1 49296 2 49308 2 49552 2 49564 2 49808 2 49819 3 50063 2 50075 2 50319 2 50331 2 50575 2 50587 2 52607 3 52863 4 53119 4 53124 7 53375 12 53631 9 53641 2 53891 5 53897 2 54147 8 54402 6 54409 2 54658 9 54914 9 55170 9 55425 10 55681 5 55688 3 55937 4 56192 5 56449 5 56705 5 56961 5 57217 5 57474 2
agrifieldnet_abe87_0,0
agrifieldnet_abe87_1,0
agrifieldnet_abe87_2,0
agrifieldnet_abe87_3,0
agrifieldnet_abe87_4,0
agrifieldnet_abe87_5,4792 2 5048 3 5303 4 5559 4 5589 1 5845 2 6100 3 6356 3 6612 3 6868 2 7123 3 7379 3 7635 3 7891 3 8147 3
agrifieldnet_55d4c_0,0
agrifieldnet_55d4c_1,0
agrifieldnet_55d4c_2,188 14 444 14 700 14 957 13 1213 13 1470 12 1726 12 1983 11 2239 11 2496 5 31684 3 31940 6 32196 6 32452 6 32708 6 32964 6 33220 6 33476 6 33733 5 33989 5
agrifieldnet_55d4c_3,0
agrifieldnet_55d4c_4,0
agrifieldnet_55d4c_5,0
agrifieldnet_43df5_0,0
agrifieldnet_43df5_1,0
agrifieldnet_43df5_2,0
agrifieldnet_43df5_3,0
agrifieldnet_43df5_4,0
agrifieldnet_43df5_5,37638 1 37892 4 38146 6 38401 7 38657 7 38913 7 39169 4 39425 2 53051 2 53306 5 53562 4 53817 5 54073 4 54328 4 54586 2
agrifieldnet_0276d_0,0
agrifieldnet_0276d_1,0
agrifieldnet_0276d_2,0
agrifieldnet_0276d_3,0
agrifieldnet_0276d_4,0
agrifieldnet_0276d_5,49603 2 49859 2 50114 3 50118 2 50369 4 50374 2 50625 3 50629 3 50881 3 50885 2 51141 2
agrifieldnet_1dd2e_0,0
agrifieldnet_1dd2e_1,19879 4 20134 7 20390 7 20647 6 20906 2 31420 6 31676 6 31932 6 32188 6 32444 6 32699 6 32955 7 33211 7 36028 3 36284 3 36539 4 36795 4 37051 4 37307 3 37830 4 38086 9 38342 9 38598 9 38857 6 39115 2
agrifieldnet_1dd2e_2,0
agrifieldnet_1dd2e_3,0
agrifieldnet_1dd2e_4,0
agrifieldnet_1dd2e_5,0
agrifieldnet_a27e9_0,0
agrifieldnet_a27e9_1,0
agrifieldnet_a27e9_2,0
agrifieldnet_a27e9_3,0
agrifieldnet_a27e9_4,16805 2 17060 4 17316 4 17572 4 18105 2 18360 4 18615 5 18871 4 19127 4 22115 3 22370 6 22625 9 22881 3 22885 5 22902 3 23136 10 23158 4 23391 4 23396 6 23413 5 23647 4 23654 3 23669 4 23903 3 23911 2 23925 4 24159 3 24181 4 24439 2
agrifieldnet_a27e9_5,0
agrifieldnet_342a6_0,0
agrifieldnet_342a6_1,169 6 195 6 425 6 452 5 682 5 709 4 941 1 967 1 2719 2 2731 3 2974 7 2984 7 3229 19 3485 21 3742 10 3754 8 3998 9 4011 7 4256 6 4268 3 4514 4 4771 2 6043 1 6298 4 6554 7 6810 8 7068 6 7327 3 16327 1 16582 2 16837 3 17093 3 17348 4 17604 4 17860 4 18116 4 18372 4 18628 4 18884 4 19139 4 19395 4 19651 4 19907 4 20163 4 20419 4 20675 4 20931 4 24711 14 24961 20 25217 9 30363 2 30366 5 30619 8 30875 8 31136 2 55776 2 56032 3 56288 3 56544 3 56801 2 65493 3
agrifieldnet_342a6_2,0
agrifieldnet_342a6_3,0
agrifieldnet_342a6_4,0
agrifieldnet_342a6_5,0
agrifieldnet_7649f_0,0
agrifieldnet_7649f_1,0
agrifieldnet_7649f_2,0
agrifieldnet_7649f_3,0
agrifieldnet_7649f_4,60254 1 60509 4 60765 5 61016 3 61021 5 61271 10 61287 2 61526 11 61543 3 61782 5 61789 8 61798 6 62039 3 62046 14 62304 11 62551 2 62562 9 62806 4 62819 6 63061 6 63077 3 63318 6 63576 6 63833 5 64090 4 64347 2
agrifieldnet_7649f_5,0
agrifieldnet_bb24e_0,0
agrifieldnet_bb24e_1,0
agrifieldnet_bb24e_2,0
agrifieldnet_bb24e_3,0
agrifieldnet_bb24e_4,0
agrifieldnet_bb24e_5,37632 1 37800 2 37882 4 38056 5 38139 3 38312 6 38396 2 38569 5 38825 5 38904 1 39083 4 39160 4 39338 5 39351 3 39415 5 39592 7 39607 3 39670 6 39848 7 39863 3 39926 5 40104 7 40118 4 40182 4 40191 2 40360 7 40373 4 40438 4 40446 3 40617 6 40629 4 40681 6 40702 3 40873 5 40885 3 40937 6 40958 1 41129 5 41195 2 41385 4 41451 3 41642 3 41707 3 41712 3 41898 3 41963 3 41968 3 42154 3 42220 3 42225 2 42410 3 42476 4 42481 3 42666 4 42733 8 42923 3 42991 6 43247 6 43504 5 43697 3 43762 2 43953 3 44208 4 44464 3 44719 4 44974 4 45229 5 45484 5 45734 3 45739 6 45989 5 45995 5 46246 4 46251 4 46503 2 46508 2 53989 5 54245 6 54504 3 54762 1
agrifieldnet_fa778_0,0
agrifieldnet_fa778_1,0
agrifieldnet_fa778_2,63309 1 63564 2 63820 5 64075 7 64331 2 64335 3 64342 2 64587 2 64598 3 64853 4 65109 4 65364 4
agrifieldnet_fa778_3,0
agrifieldnet_fa778_4,0
agrifieldnet_fa778_5,0
agrifieldnet_abbd9_0,0
agrifieldnet_abbd9_1,0
agrifieldnet_abbd9_2,0
agrifieldnet_abbd9_3,0
agrifieldnet_abbd9_4,14579 3 14835 5 15090 8 15346 8 15602 8 15858 7 16114 7 16372 4 16631 1 20203 2 20459 3 20714 3 20970 3 21226 3 21482 3 30442 2 30696 4 30952 5 31208 5 31464 5 31720 5 31977 3
agrifieldnet_abbd9_5,0
agrifieldnet_dd5ef_0,0
agrifieldnet_dd5ef_1,0
agrifieldnet_dd5ef_2,14821 3 15077 9 15333 10 15589 10 15845 10 16101 9 16357 9 16614 8 16873 5
agrifieldnet_dd5ef_3,0
agrifieldnet_dd5ef_4,0
agrifieldnet_dd5ef_5,0
agrifieldnet_ca70b_0,0
agrifieldnet_ca70b_1,0
agrifieldnet_ca70b_2,56622 2 56878 4 57130 8 57386 8 57641 8 57897 8 58153 8 58409 7 58664 8 58920 8 59176 8 59432 7 59690 5 64038 2 64293 4 64549 4 64805 4 65060 4 65316 4
agrifieldnet_ca70b_3,0
agrifieldnet_ca70b_4,0
agrifieldnet_ca70b_5,0
agrifieldnet_15404_0,0
agrifieldnet_15404_1,0
agrifieldnet_15404_2,0
agrifieldnet_15404_3,0
agrifieldnet_15404_4,36214 2 36470 7 36726 7 39807 2 40062 4 40318 5 40573 5 40829 5 41057 1 41086 3 41313 2 41343 1 41567 4 41822 4 42077 4 42332 4 42587 4 42843 3 43184 2 43329 3 43439 6 43584 5 43695 6 43840 5 43954 3 44097 3 44354 2 45451 1 45705 3 45961 3 45975 4 46216 3 46231 6 46473 2 46487 7 46722 2 46743 7 46977 5 46988 2 46999 6 47231 1 47233 6 47243 6 47254 7 47486 9 47496 11 47510 7 47742 23 47766 6 47998 23 48025 3 48257 20 48516 10 48527 6 48772 4 48778 3 48785 3 49028 3 49036 1 50775 2 51030 4 51286 6 51543 6 51601 3 51800 5 51858 5 52058 2 52100 2 52113 9 52315 1 52353 5 52369 10 52609 5 52625 10 52866 4 52882 8 53123 3 53136 2 53142 4 53380 1 53391 6 53479 2 53647 10 53735 5 53903 10 53990 6 54159 10 54246 6 54419 6 54503 4 54678 3 54751 5 54759 4 54997 1 55007 12 55252 3 55263 8 55272 2 55508 4 55518 15 55766 1 55774 8 55783 6 56030 8 56039 5 56288 6 56295 5 56501 2 56546 4 56553 3 56756 4 56804 4 57012 4 57056 1 57059 6 57268 3 57312 8 57524 3 57568 8 57824 7 58078 2 58082 5 58312 2 58334 5 58341 2 58568 4 58589 6 58823 5 58847 4 59079 4 59103 3 59335 4 59359 3 59590 4 59616 2 59846 6 60101 8 60357 10 60612 14 60868 17 61126 15 61385 13 61641 13 61897 13 62153 12 62408 13 62666 11 62924 7 62941 5 62947 3 63182 4 63197 11 63441 1 63449 1 63453 14 63704 20 63960 19 64216 19 64471 20 64727 20 64985 18 65244 14 65503 11
agrifieldnet_15404_5,0
agrifieldnet_4b5f6_0,0
agrifieldnet_4b5f6_1,0
agrifieldnet_4b5f6_2,25234 2 25489 5 25745 5 26000 5 26256 5 26511 5 26733 3 26769 3 26987 6 27243 6 27500 6 27757 5 28013 3 28270 1 52215 2 52470 3 52726 3 52982 3 53238 3 53494 2 53749 3 54005 3 54261 3
agrifieldnet_4b5f6_3,0
agrifieldnet_4b5f6_4,0
agrifieldnet_4b5f6_5,0
agrifieldnet_66c43_0,0
agrifieldnet_66c43_1,0
agrifieldnet_66c43_2,61522 5 61778 5 62034 5 62290 4 62546 4 62802 4 63057 5 63313 5 63569 5 63825 5 64081 5 64337 5 64593 5 64849 5 65105 5 65361 5
agrifieldnet_66c43_3,0
agrifieldnet_66c43_4,0
agrifieldnet_66c43_5,0
agrifieldnet_4463a_0,0
agrifieldnet_4463a_1,0
agrifieldnet_4463a_2,0
agrifieldnet_4463a_3,0
agrifieldnet_4463a_4,18 5 274 5 529 5 784 6 1040 5 1296 5 1552 4 1810 2 16756 3 17011 5 17266 6 17521 7 17776 8 18031 9 18287 9 18545 4 18550 2 24398 2 24654 3 24909 5 25164 6 25420 5 25675 6 25931 5 26188 3 26197 1 26446 1 26451 7 26706 9 26962 4 26968 3 27218 3 27475 1 29765 2 30021 3 30277 4 30534 2 35383 1 35638 3 35893 5 36148 8 36402 11 36658 11 36915 10 37173 7 37431 4 37688 3 37946 1 38971 2 39227 4 39482 7 39740 5 39998 2 40226 2 40481 4 40737 6 40994 5 41252 3 41296 2 41552 4 41809 4 42065 6 42322 6 42579 6 42836 4 43092 3 43265 1 43324 6 43521 1 43529 1 43579 10 43777 2 43784 3 43835 9 44033 1 44039 6 44090 9 44294 7 44345 9 44549 7 44602 7 44804 7 44859 5 45060 6 45111 1 45116 3 45315 6 45366 3 45573 3 45621 6 45830 1 45877 7 46133 6 46390 5 46647 3 48919 1 49174 4 49429 5 49684 7 49939 8 50196 8 50453 7 50710 7 50966 7 51223 4 51480 2 51494 1 51748 4 52003 5 52259 4
agrifieldnet_4463a_5,0
agrifieldnet_7b71b_0,0
agrifieldnet_7b71b_1,0
agrifieldnet_7b71b_2,38880 5 39135 6 39390 6 39645 7 39900 8 40156 7 40412 7 40667 8 40923 7 41178 8 41434 7 41689 8 41945 7 42200 8 42456 8 42715 4 42973 2 43746 2 44001 5 44257 8 44513 10 44769 10 45025 10 45280 11 45536 10 45792 10 46047 11 46303 10 46559 10 46815 10 47073 7 47332 4 47590 1
agrifieldnet_7b71b_3,0
agrifieldnet_7b71b_4,0
agrifieldnet_7b71b_5,0
agrifieldnet_be1ae_0,0
agrifieldnet_be1ae_1,0
agrifieldnet_be1ae_2,11232 7 11488 14 11743 17 11999 17 12255 17 12510 18 12766 18 13024 16 13282 4 13288 8 13541 1 13547 5 13807 1
agrifieldnet_be1ae_3,0
agrifieldnet_be1ae_4,0
agrifieldnet_be1ae_5,0
agrifieldnet_f172f_0,0
agrifieldnet_f172f_1,0
agrifieldnet_f172f_2,0
agrifieldnet_f172f_3,0
agrifieldnet_f172f_4,0
agrifieldnet_f172f_5,24938 2 25193 3 25449 4 25706 3 25962 4 26219 3 26476 6 26732 6 26989 5 27245 6 27502 5
agrifieldnet_d4a9c_0,0
agrifieldnet_d4a9c_1,0
agrifieldnet_d4a9c_2,0
agrifieldnet_d4a9c_3,0
agrifieldnet_d4a9c_4,4077 2 4333 3 4590 4 4847 4 5104 4 5362 2 16103 1 16358 4 16614 5 16869 7 17125 8 17382 8 17639 6 17896 5 18153 3
agrifieldnet_d4a9c_5,0
agrifieldnet_e93b9_0,0
agrifieldnet_e93b9_1,0
agrifieldnet_e93b9_2,0
agrifieldnet_e93b9_3,0
agrifieldnet_e93b9_4,0
agrifieldnet_e93b9_5,27823 5 28076 8 28332 8 28588 7 28844 4 37051 5 37304 9 37559 10 37814 11 38069 12 38325 12 38581 12 38838 11 39094 11 39350 11 39606 11 42428 6 42682 9 42935 12 43190 13 43445 14 43701 15 43958 14 44215 13 44472 12 44728 12 44985 11 45241 11 45498 10 45754 10 46012 9 46270 7 46527 6 46785 4 47042 2
agrifieldnet_711c9_0,0
agrifieldnet_711c9_1,0
agrifieldnet_711c9_2,20211 3 20466 6 20722 8 20977 10 21234 9 21492 6 21750 4 22008 1
agrifieldnet_711c9_3,0
agrifieldnet_711c9_4,0
agrifieldnet_711c9_5,0
agrifieldnet_dda71_0,0
agrifieldnet_dda71_1,0
agrifieldnet_dda71_2,0
agrifieldnet_dda71_3,0
agrifieldnet_dda71_4,65018 2 65273 5 65529 5
agrifieldnet_dda71_5,0
agrifieldnet_3a8ef_0,0
agrifieldnet_3a8ef_1,48092 2 48347 4 48603 5 48858 7 49114 7 49371 6 57559 2 57814 4 58070 3 58327 2
agrifieldnet_3a8ef_2,0
agrifieldnet_3a8ef_3,0
agrifieldnet_3a8ef_4,0
agrifieldnet_3a8ef_5,0
agrifieldnet_6a238_0,0
agrifieldnet_6a238_1,0
agrifieldnet_6a238_2,4502 1 4758 3 5014 2 10898 2 11153 3 11409 3 11664 4 11902 3 11920 3 12158 4 12176 3 12413 5 12431 3 12669 4 12687 3 12927 2 12942 4 13198 3 13456 1 21646 2 21902 3 22157 4 22413 4 22669 4 22925 3 23180 4 23436 4 23692 3 23949 2
agrifieldnet_6a238_3,0
agrifieldnet_6a238_4,23 3 278 4 534 3 789 4 1045 3 1300 3 1556 3 1811 3 2067 3 2322 4 2578 3 2833 4 3089 3 4503 2
agrifieldnet_6a238_5,0
agrifieldnet_82d73_0,0
agrifieldnet_82d73_1,0
agrifieldnet_82d73_2,0
agrifieldnet_82d73_3,0
agrifieldnet_82d73_4,0
agrifieldnet_82d73_5,19319 5 19574 9 19830 10 20086 10 20342 10 20598 10 20853 12 21109 12 21367 10 21626 7 30180 7 30435 8 30691 9 30947 9 31203 9 31458 8 31714 8 31967 9 32223 8 32479 8 32735 7 32991 7 33251 3 54272 1 54528 1 54784 1
agrifieldnet_6fb0c_0,0
agrifieldnet_6fb0c_1,0
agrifieldnet_6fb0c_2,6675 3 6928 6 7183 7 7439 8 7696 7 7953 6 8209 6 8466 5 8722 5 8979 5 9236 13 9493 12 9749 12 10005 12 10261 12 10517 13 10774 12 11030 12 11074 3 11291 7 11323 10 11550 4 11579 10 11835 10 12091 10 12347 10 12603 10 12859 10 13115 10 13372 9 13628 9 13884 9 14140 9 14396 9 14652 10 14908 10 15164 10 15420 10
agrifieldnet_6fb0c_3,0
agrifieldnet_6fb0c_4,0
agrifieldnet_6fb0c_5,0
agrifieldnet_b01f9_0,0
agrifieldnet_b01f9_1,0
agrifieldnet_b01f9_2,65211 1 65467 3
agrifieldnet_b01f9_3,0
agrifieldnet_b01f9_4,0
agrifieldnet_b01f9_5,0
agrifieldnet_c23d9_0,0
agrifieldnet_c23d9_1,0
agrifieldnet_c23d9_2,0
agrifieldnet_c23d9_3,0
agrifieldnet_c23d9_4,25058 2 25314 4 25569 6 25824 8 26082 5 26339 4 26596 2 41042 2 41298 3 41553 5 41808 5 42063 5 42319 5 42577 2
agrifieldnet_c23d9_5,0
agrifieldnet_faa27_0,0
agrifieldnet_faa27_1,0
agrifieldnet_faa27_2,25304 5 25559 9 25815 9 26071 8 26329 6 26587 4 26844 2
agrifieldnet_faa27_3,0
agrifieldnet_faa27_4,0
agrifieldnet_faa27_5,0
agrifieldnet_8c8f4_0,0
agrifieldnet_8c8f4_1,0
agrifieldnet_8c8f4_2,0
agrifieldnet_8c8f4_3,0
agrifieldnet_8c8f4_4,0
agrifieldnet_8c8f4_5,12989 4 13244 7 13500 7 13757 6 14015 7 14273 5 14531 2
agrifieldnet_ca8f9_0,0
agrifieldnet_ca8f9_1,0
agrifieldnet_ca8f9_2,0
agrifieldnet_ca8f9_3,0
agrifieldnet_ca8f9_4,0
agrifieldnet_ca8f9_5,127 6 384 4 11375 3 11380 1 11630 7 11886 7 12142 7 12398 7 12656 7 12912 10 13168 10 13423 15 13679 15 13935 15 14191 14 14449 11 14707 9 14963 8 15220 7 15478 4
agrifieldnet_b9344_0,0
agrifieldnet_b9344_1,0
agrifieldnet_b9344_2,0
agrifieldnet_b9344_3,0
agrifieldnet_b9344_4,20993 1 21249 2 21505 3 21761 2 22017 1
agrifieldnet_b9344_5,0
agrifieldnet_f449d_0,0
agrifieldnet_f449d_1,0
agrifieldnet_f449d_2,0
agrifieldnet_f449d_3,0
agrifieldnet_f449d_4,2541 1 2796 4 3051 5 3307 5 3562 6 3817 6 4074 5 4332 2 8919 1 9174 4 9429 6 9685 6 9943 4 10200 2 11510 2 11766 3 12021 4 12278 3 13551 2 13807 3 14062 4 14317 4 14572 4 14827 4 15083 3 15338 4 15593 4 15848 4 16104 3 19136 2 19391 4 19646 5 19901 5 20157 4 20412 5 20667 5 20923 4 21178 5 21433 5 21689 4 21944 4 22200 3 42238 3 42494 3 42750 3 43007 2 43264 1 46804 2 47060 3 47315 5 47571 6 47827 5 48084 3 48318 2 48574 2 48829 3 49084 4 49340 3 49595 3 49852 2 55754 1 56009 3 56265 4 56521 5 56577 2 56778 4 56794 1 56833 2 57035 2 57049 3 57089 1 57305 3 57561 3 57816 3 58071 4 58327 3 58583 3 58840 2 60883 2 61138 4 61393 6 61649 7 61904 7 62161 6 62419 3
agrifieldnet_f449d_5,0
agrifieldnet_80d30_0,0
agrifieldnet_80d30_1,0
agrifieldnet_80d30_2,8663 5 8918 10 9174 13 9429 14 9685 13 9941 13 10196 13 10452 13 10708 12 10963 13 11219 13 11474 13 11677 4 11730 12 11933 10 11986 12 12188 14 12244 10 12444 14 12503 6 12700 14 12762 3 12956 14 13212 14 13467 15 13723 15 13979 14 14235 14 14491 14 14747 14 15008 9 15266 6 15526 2 20315 2 20571 6 20826 9 21082 8 21338 8 21594 8 21851 7 38624 2 38877 5 39133 5 39389 5 39645 5
agrifieldnet_80d30_3,0
agrifieldnet_80d30_4,0
agrifieldnet_80d30_5,0
agrifieldnet_b9e60_0,0
agrifieldnet_b9e60_1,0
agrifieldnet_b9e60_2,0
agrifieldnet_b9e60_3,0
agrifieldnet_b9e60_4,551 2 806 4 1061 7 1317 7 1572 7 1828 6 2085 4 2342 3
agrifieldnet_b9e60_5,0
agrifieldnet_7e165_0,0
agrifieldnet_7e165_1,0
agrifieldnet_7e165_2,0
agrifieldnet_7e165_3,0
agrifieldnet_7e165_4,2756 4 3013 3
agrifieldnet_7e165_5,0
agrifieldnet_925d3_0,0
agrifieldnet_925d3_1,0
agrifieldnet_925d3_2,0
agrifieldnet_925d3_3,0
agrifieldnet_925d3_4,0
agrifieldnet_925d3_5,9729 2 9985 8 10241 8 10497 7 10753 7 11009 7 11265 6 11521 6 11777 6 12033 5 12289 5 12545 5 12801 3 13057 3 21770 3 22026 3 22282 3 30220 4 30475 5 30731 5 30987 5 31242 5 31498 5 31753 5 32009 5 32265 4 32520 4 32776 4 33032 3 33288 3 34595 2 34849 5 35105 6 35359 8 35614 10 35870 11 36127 11 36384 11 36641 11 36898 10 37156 8 37414 6 37671 5 37930 1 41985 1 42241 3 42497 3 42753 2 43009 2 43265 1 45614 2 45869 4 46113 2 46124 6 46367 5 46381 6 46622 7 46638 6 46877 8 46896 4 47133 9 47153 4 47388 11 47409 5 47644 10 47666 4 47900 9 47912 1 47923 4 48157 7 48166 4 48179 5 48414 5 48421 6 48436 5 48671 2 48676 8 48692 5 48931 9 48949 5 49185 10 49206 5 49441 8 49463 5 49697 7 49720 4 49953 6 49977 4 50209 4 50234 2 50466 2 54078 2 54333 3 54588 4 54844 3 55068 2 55323 4 55576 7 55831 8 56087 8 56343 7 56356 2 56600 3 56610 5 56866 6 57122 6 57378 6 57634 5 57890 5 58146 5 58402 5 58658 5 58914 5 59171 5 59427 5 59683 5 59745 2 59939 5 59999 5 60196 5 60255 5 60452 5 60501 3 60510 6 60708 5 60757 3 60766 5 60964 5 61013 2 61269 2 61294 2 61524 5 61550 4 61777 2 61780 4 61805 6 62033 2 62036 4 62061 5 62271 2 62288 8 62316 6 62527 4 62544 8 62571 6 62783 3 62792 2 62800 8 62827 6 63038 4 63048 3 63055 3 63059 4 63082 6 63294 4 63304 3 63311 3 63315 4 63338 6 63550 4 63559 4 63571 4 63594 5 63805 4 63815 3 63849 3 63853 3 64061 4 64071 3 64085 3 64089 2 64105 3 64317 4 64327 3 64341 10 64361 2 64550 10 64583 2 64597 13 64617 2 64801 17 64838 3 64852 15 65050 24 65094 3 65108 15 65306 24 65364 15
agrifieldnet_32407_0,0
agrifieldnet_32407_1,0
agrifieldnet_32407_2,0
agrifieldnet_32407_3,0
agrifieldnet_32407_4,10820 2 11076 2 11331 4 11586 6 11841 6 12097 6 12353 5 12611 2 14228 3 14484 4 14739 7 14996 7 15253 7 15510 7 15767 7 16024 7 16281 7 16538 8 16796 7 17053 6 17310 4 17567 2 39772 3 40028 3 40283 3 40538 4 40549 1 40795 2 40804 4 41059 5 41314 6 41570 5 41825 5 42082 3 44407 1 44662 4 44918 5 45175 6 45433 6 45690 6 45948 6 46205 6 46463 4 46720 3
agrifieldnet_32407_5,0
agrifieldnet_76c43_0,0
agrifieldnet_76c43_1,0
agrifieldnet_76c43_2,17607 2 17612 2 17863 3 17868 4 18107 2 18118 4 18123 5 18363 4 18374 4 18379 4 18618 6 18630 3 18634 5 18874 7 18890 5 19130 5 19147 8 19387 3 19405 7 19645 1 19661 7 19920 4 19926 3 19934 3 20181 5 20189 5 20437 5 20445 5 20694 5 20701 4 20951 5 20958 3 21208 4 21465 3
agrifieldnet_76c43_3,0
agrifieldnet_76c43_4,0
agrifieldnet_76c43_5,0
agrifieldnet_e91d6_0,0
agrifieldnet_e91d6_1,0
agrifieldnet_e91d6_2,0
agrifieldnet_e91d6_3,0
agrifieldnet_e91d6_4,0
agrifieldnet_e91d6_5,54079 3 54334 4 54590 5 54846 5 55101 6 55357 6 55375 1 55616 2 55630 3 55886 3 56141 3 56397 2 57169 3 57425 3 57682 2 64486 5 64492 6 64742 5 64748 6 64998 5 65004 6 65510 5 65516 3 65521 3
agrifieldnet_91898_0,0
agrifieldnet_91898_1,0
agrifieldnet_91898_2,0
agrifieldnet_91898_3,0
agrifieldnet_91898_4,0
agrifieldnet_91898_5,37186 3 37435 2 37438 1 37442 6 37689 15 37945 15 38201 11 38458 10 38715 3 39197 2 39447 8 39701 10 39955 5 40211 3 43028 2 43283 4 43538 5 43795 4 44051 4 44308 3 44564 4 44821 4 45077 4 45334 3 45590 3
agrifieldnet_4751e_0,0
agrifieldnet_4751e_1,0
agrifieldnet_4751e_2,49970 1 50225 2 50481 2 50737 2 53321 2 53577 4 53832 6 54087 7 54343 4 54598 4 54854 4 55111 2 55376 2 55411 3 55631 4 55667 5 55887 4 55922 7 56142 5 56178 9 56397 5 56436 7 56653 4 56694 5 56908 5 56952 3 57164 4 57209 1 57420 3 57676 3 57931 3 58186 4 58442 3 58699 1 59753 3 60009 3 60264 4 60520 3 60776 3 61030 4 61285 5 61541 5 61796 3 62052 3 62308 2 62563 3 62819 3
agrifieldnet_4751e_3,0
agrifieldnet_4751e_4,50227 1 50483 3 50739 5 50995 5 51253 3 56443 2 56699 3 56955 2 57210 3
agrifieldnet_4751e_5,0
agrifieldnet_0a664_0,0
agrifieldnet_0a664_1,0
agrifieldnet_0a664_2,0
agrifieldnet_0a664_3,4856 1 5112 1 5367 2 5622 4 5878 4 6133 6 6389 6 6644 7 6900 8 7155 9 7411 9 7666 10 7922 10 8177 10 8432 11 8688 10 8944 9 9200 9 9458 6 9716 4 12442 3 12698 4 12950 3 12954 4 13206 7 13461 8 13717 8 13974 8 14232 7 14489 5 14746 3 16691 1 16946 4 17202 5 17459 6 17716 7 17973 7 18231 7 18427 1 18489 6 18682 2 18746 7 18938 2 19004 5 19194 1 19262 3 19519 1 21582 3 21838 4 22095 5 22352 5 22610 5 22868 5 23125 5 23383 5 23640 5 23860 3 23898 5 24116 5 24155 5 24373 5 24413 5 24630 6 24671 5 24888 5 24928 5 25145 6 25186 3 25403 5 25660 5 25918 5 26175 4 26433 2 27876 3 28131 5 28387 4 28642 5 28897 5 29154 3 29411 2
agrifieldnet_0a664_4,0
agrifieldnet_0a664_5,4857 1 5113 3 5369 5 5626 6 5882 6 6139 5 6395 4 6651 4 6908 2 7164 2 7420 1 11520 1 11776 1 12031 2 12287 2 12544 1
agrifieldnet_3d2a6_0,0
agrifieldnet_3d2a6_1,0
agrifieldnet_3d2a6_2,0
agrifieldnet_3d2a6_3,0
agrifieldnet_3d2a6_4,767 2 1023 2 1280 1 16341 1 16596 3 16852 4 17108 4 17365 3 17622 1
agrifieldnet_3d2a6_5,0
agrifieldnet_0cfca_0,0
agrifieldnet_0cfca_1,0
agrifieldnet_0cfca_2,0
agrifieldnet_0cfca_3,0
agrifieldnet_0cfca_4,3395 2 3651 3 3906 4 4162 4 4417 4 4672 5 4928 4 5183 5 5438 5 5695 3 5952 2
agrifieldnet_0cfca_5,0
agrifieldnet_882f6_0,0
agrifieldnet_882f6_1,0
agrifieldnet_882f6_2,0
agrifieldnet_882f6_3,0
agrifieldnet_882f6_4,60 3 71 5 317 1 324 9 580 10 835 11 1083 2 1090 4 1095 6 1339 3 1346 3 1352 6 1594 5 1601 3 1608 7 1850 6 1865 7 2105 8 2122 7 2361 8 2379 6 2617 7 2636 3 2874 5 2893 1 3131 2 12596 2 12851 4 13106 5 13361 7 13616 8 13872 7 14129 5 14386 2
agrifieldnet_882f6_5,0
agrifieldnet_32e05_0,0
agrifieldnet_32e05_1,0
agrifieldnet_32e05_2,0
agrifieldnet_32e05_3,0
agrifieldnet_32e05_4,1981 3 2237 5 2492 7 2748 9 3004 10 3259 7 3267 2 3515 7 3770 4 4026 3 5781 3 6036 5 6291 7 6546 7 6801 8 7056 8 7313 6 7570 4 7827 2 10962 3 11218 5 11473 8 11729 11 11985 13 12242 14 12500 12 12758 10 13017 7 13275 4 13533 2 13754 5 14010 5 14262 8 14518 8 14774 7 15029 7 15285 7 15541 6 15797 6 16055 4
agrifieldnet_32e05_5,0
agrifieldnet_e9fa0_0,0
agrifieldnet_e9fa0_1,0
agrifieldnet_e9fa0_2,1314 1 1569 1 1821 5
agrifieldnet_e9fa0_3,0
agrifieldnet_e9fa0_4,541 6 796 7 1052 7 1308 6 1564 5
agrifieldnet_e9fa0_5,0
agrifieldnet_e4fcb_0,0
agrifieldnet_e4fcb_1,0
agrifieldnet_e4fcb_2,6057 5 6313 5 6569 5 6825 4 7081 4 7339 2 20009 2 20264 3 20520 3 20775 4 21031 3 21286 3 21540 5 21796 5 22052 2 55011 1 55267 3 55523 4 55780 5 56037 6 56295 5 56552 6 56810 4 57068 2
agrifieldnet_e4fcb_3,0
agrifieldnet_e4fcb_4,1445 2 1701 2 1957 2 2213 2 2983 2 3239 2 3495 2 3498 1 3751 6 4009 4 4265 4 4521 3 4777 3 5033 3 5289 3 5545 3 5801 3 61945 1 62200 4 62456 6 62711 9 62967 10 63223 10 63481 8 63739 6 63996 5 64254 3
agrifieldnet_e4fcb_5,0
agrifieldnet_39a62_0,0
agrifieldnet_39a62_1,0
agrifieldnet_39a62_2,0
agrifieldnet_39a62_3,10270 4 10526 5 10781 6 11036 7 11292 6 11549 4 11807 2
agrifieldnet_39a62_4,0
agrifieldnet_39a62_5,7681 2 7937 2 8193 2 8449 2 8705 1
agrifieldnet_5e37a_0,0
agrifieldnet_5e37a_1,0
agrifieldnet_5e37a_2,35658 2 35914 4 36169 6 36426 6 36671 1 36684 3 36926 4 36933 2 36941 2 37182 5 37188 6 37439 4 37444 6 37697 1 37700 6 37956 7 38213 7 38471 4 38727 3 47973 4 48230 3 48489 1 48745 3 49001 4 49006 3 49259 2 49262 4 49518 5 49775 3 53626 2 53881 5 54136 5 54392 5 54647 5 54903 5 55160 3
agrifieldnet_5e37a_3,0
agrifieldnet_5e37a_4,46947 1 47202 4 47458 6 47715 6 47972 1
agrifieldnet_5e37a_5,0
